,metric,split,value,relation,y_type,model
0,accuracy,dev,0.2863849765258216,Cause-Effect,P(E|C),bert
1,accuracy,test,0.27340823970037453,Cause-Effect,P(E|C),bert
2,accuracy,dev,0.2863849765258216,Cause-Effect,P(E|C),bert
3,accuracy,test,0.2857142857142857,Cause-Effect,P(E|C),bert
4,accuracy,dev,0.3145539906103286,Cause-Effect,P(E|C),bert
5,accuracy,test,0.2669172932330827,Cause-Effect,P(E|C),bert
6,accuracy,dev,0.3192488262910798,Cause-Effect,P(E|C),bert
7,accuracy,test,0.3233082706766917,Cause-Effect,P(E|C),bert
8,accuracy,dev,0.3145539906103286,Cause-Effect,P(E|C),bert
9,accuracy,test,0.2932330827067669,Cause-Effect,P(E|C),bert
10,accuracy,dev,0.3474178403755869,Cause-Effect,P(E),bert
11,accuracy,test,0.3445692883895131,Cause-Effect,P(E),bert
12,accuracy,dev,0.37089201877934275,Cause-Effect,P(E),bert
13,accuracy,test,0.38345864661654133,Cause-Effect,P(E),bert
14,accuracy,dev,0.352112676056338,Cause-Effect,P(E),bert
15,accuracy,test,0.34210526315789475,Cause-Effect,P(E),bert
16,accuracy,dev,0.3427230046948357,Cause-Effect,P(E),bert
17,accuracy,test,0.36466165413533835,Cause-Effect,P(E),bert
18,accuracy,dev,0.39906103286384975,Cause-Effect,P(E),bert
19,accuracy,test,0.30451127819548873,Cause-Effect,P(E),bert
20,accuracy,dev,0.352112676056338,Cause-Effect,probabilistic_causality_diff,bert
21,accuracy,test,0.2808988764044944,Cause-Effect,probabilistic_causality_diff,bert
22,accuracy,dev,0.27699530516431925,Cause-Effect,probabilistic_causality_diff,bert
23,accuracy,test,0.3007518796992481,Cause-Effect,probabilistic_causality_diff,bert
24,accuracy,dev,0.352112676056338,Cause-Effect,probabilistic_causality_diff,bert
25,accuracy,test,0.24436090225563908,Cause-Effect,probabilistic_causality_diff,bert
26,accuracy,dev,0.3004694835680751,Cause-Effect,probabilistic_causality_diff,bert
27,accuracy,test,0.3007518796992481,Cause-Effect,probabilistic_causality_diff,bert
28,accuracy,dev,0.3568075117370892,Cause-Effect,probabilistic_causality_diff,bert
29,accuracy,test,0.2819548872180451,Cause-Effect,probabilistic_causality_diff,bert
30,accuracy,dev,0.352112676056338,Cause-Effect,delta_P,bert
31,accuracy,test,0.2808988764044944,Cause-Effect,delta_P,bert
32,accuracy,dev,0.27699530516431925,Cause-Effect,delta_P,bert
33,accuracy,test,0.3007518796992481,Cause-Effect,delta_P,bert
34,accuracy,dev,0.352112676056338,Cause-Effect,delta_P,bert
35,accuracy,test,0.24436090225563908,Cause-Effect,delta_P,bert
36,accuracy,dev,0.3004694835680751,Cause-Effect,delta_P,bert
37,accuracy,test,0.3007518796992481,Cause-Effect,delta_P,bert
38,accuracy,dev,0.3568075117370892,Cause-Effect,delta_P,bert
39,accuracy,test,0.2819548872180451,Cause-Effect,delta_P,bert
40,accuracy,dev,0.36619718309859156,Cause-Effect,P(E|no C),bert
41,accuracy,test,0.31835205992509363,Cause-Effect,P(E|no C),bert
42,accuracy,dev,0.3755868544600939,Cause-Effect,P(E|no C),bert
43,accuracy,test,0.3684210526315789,Cause-Effect,P(E|no C),bert
44,accuracy,dev,0.38497652582159625,Cause-Effect,P(E|no C),bert
45,accuracy,test,0.37969924812030076,Cause-Effect,P(E|no C),bert
46,accuracy,dev,0.3380281690140845,Cause-Effect,P(E|no C),bert
47,accuracy,test,0.36466165413533835,Cause-Effect,P(E|no C),bert
48,accuracy,dev,0.3427230046948357,Cause-Effect,P(E|no C),bert
49,accuracy,test,0.37969924812030076,Cause-Effect,P(E|no C),bert
50,accuracy,dev,0.3615023474178404,Cause-Effect,q,bert
51,accuracy,test,0.27715355805243447,Cause-Effect,q,bert
52,accuracy,dev,0.2863849765258216,Cause-Effect,q,bert
53,accuracy,test,0.3082706766917293,Cause-Effect,q,bert
54,accuracy,dev,0.3568075117370892,Cause-Effect,q,bert
55,accuracy,test,0.2631578947368421,Cause-Effect,q,bert
56,accuracy,dev,0.3004694835680751,Cause-Effect,q,bert
57,accuracy,test,0.2781954887218045,Cause-Effect,q,bert
58,accuracy,dev,0.352112676056338,Cause-Effect,q,bert
59,accuracy,test,0.2894736842105263,Cause-Effect,q,bert
60,accuracy,dev,0.323943661971831,Cause-Effect,p,bert
61,accuracy,test,0.3146067415730337,Cause-Effect,p,bert
62,accuracy,dev,0.3380281690140845,Cause-Effect,p,bert
63,accuracy,test,0.3157894736842105,Cause-Effect,p,bert
64,accuracy,dev,0.3427230046948357,Cause-Effect,p,bert
65,accuracy,test,0.29699248120300753,Cause-Effect,p,bert
66,accuracy,dev,0.27230046948356806,Cause-Effect,p,bert
67,accuracy,test,0.31954887218045114,Cause-Effect,p,bert
68,accuracy,dev,0.352112676056338,Cause-Effect,p,bert
69,accuracy,test,0.2669172932330827,Cause-Effect,p,bert
70,accuracy,dev,0.30985915492957744,Cause-Effect,causal_power,bert
71,accuracy,test,0.2846441947565543,Cause-Effect,causal_power,bert
72,accuracy,dev,0.3474178403755869,Cause-Effect,causal_power,bert
73,accuracy,test,0.34962406015037595,Cause-Effect,causal_power,bert
74,accuracy,dev,0.27230046948356806,Cause-Effect,causal_power,bert
75,accuracy,test,0.31954887218045114,Cause-Effect,causal_power,bert
76,accuracy,dev,0.3427230046948357,Cause-Effect,causal_power,bert
77,accuracy,test,0.3007518796992481,Cause-Effect,causal_power,bert
78,accuracy,dev,0.3380281690140845,Cause-Effect,causal_power,bert
79,accuracy,test,0.2894736842105263,Cause-Effect,causal_power,bert
80,accuracy,dev,0.3286384976525822,Cause-Effect,PMI,bert
81,accuracy,test,0.33707865168539325,Cause-Effect,PMI,bert
82,accuracy,dev,0.29577464788732394,Cause-Effect,PMI,bert
83,accuracy,test,0.32706766917293234,Cause-Effect,PMI,bert
84,accuracy,dev,0.30985915492957744,Cause-Effect,PMI,bert
85,accuracy,test,0.34962406015037595,Cause-Effect,PMI,bert
86,accuracy,dev,0.2863849765258216,Cause-Effect,PMI,bert
87,accuracy,test,0.2593984962406015,Cause-Effect,PMI,bert
88,accuracy,dev,0.37089201877934275,Cause-Effect,PMI,bert
89,accuracy,test,0.31954887218045114,Cause-Effect,PMI,bert
90,accuracy,dev,0.3286384976525822,Cause-Effect,PPMI,bert
91,accuracy,test,0.33707865168539325,Cause-Effect,PPMI,bert
92,accuracy,dev,0.29577464788732394,Cause-Effect,PPMI,bert
93,accuracy,test,0.32706766917293234,Cause-Effect,PPMI,bert
94,accuracy,dev,0.30985915492957744,Cause-Effect,PPMI,bert
95,accuracy,test,0.34962406015037595,Cause-Effect,PPMI,bert
96,accuracy,dev,0.2863849765258216,Cause-Effect,PPMI,bert
97,accuracy,test,0.2593984962406015,Cause-Effect,PPMI,bert
98,accuracy,dev,0.37089201877934275,Cause-Effect,PPMI,bert
99,accuracy,test,0.31954887218045114,Cause-Effect,PPMI,bert
100,accuracy,dev,0.3286384976525822,Cause-Effect,CPMI_-2,bert
101,accuracy,test,0.33707865168539325,Cause-Effect,CPMI_-2,bert
102,accuracy,dev,0.29577464788732394,Cause-Effect,CPMI_-2,bert
103,accuracy,test,0.32706766917293234,Cause-Effect,CPMI_-2,bert
104,accuracy,dev,0.30985915492957744,Cause-Effect,CPMI_-2,bert
105,accuracy,test,0.34962406015037595,Cause-Effect,CPMI_-2,bert
106,accuracy,dev,0.2863849765258216,Cause-Effect,CPMI_-2,bert
107,accuracy,test,0.2593984962406015,Cause-Effect,CPMI_-2,bert
108,accuracy,dev,0.37089201877934275,Cause-Effect,CPMI_-2,bert
109,accuracy,test,0.31954887218045114,Cause-Effect,CPMI_-2,bert
110,accuracy,dev,0.3051643192488263,Cause-Effect,NPMI,bert
111,accuracy,test,0.3445692883895131,Cause-Effect,NPMI,bert
112,accuracy,dev,0.3427230046948357,Cause-Effect,NPMI,bert
113,accuracy,test,0.3082706766917293,Cause-Effect,NPMI,bert
114,accuracy,dev,0.37089201877934275,Cause-Effect,NPMI,bert
115,accuracy,test,0.34962406015037595,Cause-Effect,NPMI,bert
116,accuracy,dev,0.3004694835680751,Cause-Effect,NPMI,bert
117,accuracy,test,0.2819548872180451,Cause-Effect,NPMI,bert
118,accuracy,dev,0.36619718309859156,Cause-Effect,NPMI,bert
119,accuracy,test,0.30451127819548873,Cause-Effect,NPMI,bert
120,accuracy,dev,0.3286384976525822,Cause-Effect,NNEGPMI,bert
121,accuracy,test,0.33707865168539325,Cause-Effect,NNEGPMI,bert
122,accuracy,dev,0.29577464788732394,Cause-Effect,NNEGPMI,bert
123,accuracy,test,0.32706766917293234,Cause-Effect,NNEGPMI,bert
124,accuracy,dev,0.30985915492957744,Cause-Effect,NNEGPMI,bert
125,accuracy,test,0.34962406015037595,Cause-Effect,NNEGPMI,bert
126,accuracy,dev,0.2863849765258216,Cause-Effect,NNEGPMI,bert
127,accuracy,test,0.2593984962406015,Cause-Effect,NNEGPMI,bert
128,accuracy,dev,0.37089201877934275,Cause-Effect,NNEGPMI,bert
129,accuracy,test,0.31954887218045114,Cause-Effect,NNEGPMI,bert
130,accuracy,dev,0.30985915492957744,Cause-Effect,P(C|E),bert
131,accuracy,test,0.31086142322097376,Cause-Effect,P(C|E),bert
132,accuracy,dev,0.3051643192488263,Cause-Effect,P(C|E),bert
133,accuracy,test,0.2781954887218045,Cause-Effect,P(C|E),bert
134,accuracy,dev,0.3380281690140845,Cause-Effect,P(C|E),bert
135,accuracy,test,0.2706766917293233,Cause-Effect,P(C|E),bert
136,accuracy,dev,0.3004694835680751,Cause-Effect,P(C|E),bert
137,accuracy,test,0.33458646616541354,Cause-Effect,P(C|E),bert
138,accuracy,dev,0.30985915492957744,Cause-Effect,P(C|E),bert
139,accuracy,test,0.2556390977443609,Cause-Effect,P(C|E),bert
140,accuracy,dev,0.37089201877934275,Cause-Effect,causal_stength_nec,bert
141,accuracy,test,0.31835205992509363,Cause-Effect,causal_stength_nec,bert
142,accuracy,dev,0.29577464788732394,Cause-Effect,causal_stength_nec,bert
143,accuracy,test,0.3233082706766917,Cause-Effect,causal_stength_nec,bert
144,accuracy,dev,0.3286384976525822,Cause-Effect,causal_stength_nec,bert
145,accuracy,test,0.34962406015037595,Cause-Effect,causal_stength_nec,bert
146,accuracy,dev,0.3192488262910798,Cause-Effect,causal_stength_nec,bert
147,accuracy,test,0.2894736842105263,Cause-Effect,causal_stength_nec,bert
148,accuracy,dev,0.3051643192488263,Cause-Effect,causal_stength_nec,bert
149,accuracy,test,0.3684210526315789,Cause-Effect,causal_stength_nec,bert
150,accuracy,dev,0.3333333333333333,Cause-Effect,causal_stength_suf,bert
151,accuracy,test,0.299625468164794,Cause-Effect,causal_stength_suf,bert
152,accuracy,dev,0.3474178403755869,Cause-Effect,causal_stength_suf,bert
153,accuracy,test,0.3082706766917293,Cause-Effect,causal_stength_suf,bert
154,accuracy,dev,0.323943661971831,Cause-Effect,causal_stength_suf,bert
155,accuracy,test,0.3233082706766917,Cause-Effect,causal_stength_suf,bert
156,accuracy,dev,0.30985915492957744,Cause-Effect,causal_stength_suf,bert
157,accuracy,test,0.3308270676691729,Cause-Effect,causal_stength_suf,bert
158,accuracy,dev,0.3427230046948357,Cause-Effect,causal_stength_suf,bert
159,accuracy,test,0.33458646616541354,Cause-Effect,causal_stength_suf,bert
160,accuracy,dev,0.3192488262910798,Cause-Effect,causal_stength_0.5,bert
161,accuracy,test,0.3295880149812734,Cause-Effect,causal_stength_0.5,bert
162,accuracy,dev,0.3286384976525822,Cause-Effect,causal_stength_0.5,bert
163,accuracy,test,0.2631578947368421,Cause-Effect,causal_stength_0.5,bert
164,accuracy,dev,0.3568075117370892,Cause-Effect,causal_stength_0.5,bert
165,accuracy,test,0.32706766917293234,Cause-Effect,causal_stength_0.5,bert
166,accuracy,dev,0.3145539906103286,Cause-Effect,causal_stength_0.5,bert
167,accuracy,test,0.2894736842105263,Cause-Effect,causal_stength_0.5,bert
168,accuracy,dev,0.352112676056338,Cause-Effect,causal_stength_0.5,bert
169,accuracy,test,0.3082706766917293,Cause-Effect,causal_stength_0.5,bert
170,accuracy,dev,0.36619718309859156,Cause-Effect,causal_stength_0.7,bert
171,accuracy,test,0.3146067415730337,Cause-Effect,causal_stength_0.7,bert
172,accuracy,dev,0.3286384976525822,Cause-Effect,causal_stength_0.7,bert
173,accuracy,test,0.33458646616541354,Cause-Effect,causal_stength_0.7,bert
174,accuracy,dev,0.3755868544600939,Cause-Effect,causal_stength_0.7,bert
175,accuracy,test,0.3157894736842105,Cause-Effect,causal_stength_0.7,bert
176,accuracy,dev,0.30985915492957744,Cause-Effect,causal_stength_0.7,bert
177,accuracy,test,0.34210526315789475,Cause-Effect,causal_stength_0.7,bert
178,accuracy,dev,0.323943661971831,Cause-Effect,causal_stength_0.7,bert
179,accuracy,test,0.3007518796992481,Cause-Effect,causal_stength_0.7,bert
180,accuracy,dev,0.38028169014084506,Cause-Effect,causal_stength_0.9,bert
181,accuracy,test,0.30337078651685395,Cause-Effect,causal_stength_0.9,bert
182,accuracy,dev,0.3427230046948357,Cause-Effect,causal_stength_0.9,bert
183,accuracy,test,0.2932330827067669,Cause-Effect,causal_stength_0.9,bert
184,accuracy,dev,0.36619718309859156,Cause-Effect,causal_stength_0.9,bert
185,accuracy,test,0.32706766917293234,Cause-Effect,causal_stength_0.9,bert
186,accuracy,dev,0.323943661971831,Cause-Effect,causal_stength_0.9,bert
187,accuracy,test,0.30451127819548873,Cause-Effect,causal_stength_0.9,bert
188,accuracy,dev,0.3286384976525822,Cause-Effect,causal_stength_0.9,bert
189,accuracy,test,0.3007518796992481,Cause-Effect,causal_stength_0.9,bert
190,accuracy,dev,0.37089201877934275,Cause-Effect,causal_stength_1.0,bert
191,accuracy,test,0.31835205992509363,Cause-Effect,causal_stength_1.0,bert
192,accuracy,dev,0.29577464788732394,Cause-Effect,causal_stength_1.0,bert
193,accuracy,test,0.3233082706766917,Cause-Effect,causal_stength_1.0,bert
194,accuracy,dev,0.3286384976525822,Cause-Effect,causal_stength_1.0,bert
195,accuracy,test,0.34962406015037595,Cause-Effect,causal_stength_1.0,bert
196,accuracy,dev,0.3192488262910798,Cause-Effect,causal_stength_1.0,bert
197,accuracy,test,0.2894736842105263,Cause-Effect,causal_stength_1.0,bert
198,accuracy,dev,0.3051643192488263,Cause-Effect,causal_stength_1.0,bert
199,accuracy,test,0.3684210526315789,Cause-Effect,causal_stength_1.0,bert
200,accuracy,dev,0.40375586854460094,Cause-Effect,avg_freq_uni,bert
201,accuracy,test,0.352059925093633,Cause-Effect,avg_freq_uni,bert
202,accuracy,dev,0.40375586854460094,Cause-Effect,avg_freq_uni,bert
203,accuracy,test,0.38721804511278196,Cause-Effect,avg_freq_uni,bert
204,accuracy,dev,0.352112676056338,Cause-Effect,avg_freq_uni,bert
205,accuracy,test,0.42857142857142855,Cause-Effect,avg_freq_uni,bert
206,accuracy,dev,0.41784037558685444,Cause-Effect,avg_freq_uni,bert
207,accuracy,test,0.3684210526315789,Cause-Effect,avg_freq_uni,bert
208,accuracy,dev,0.47417840375586856,Cause-Effect,avg_freq_uni,bert
209,accuracy,test,0.39097744360902253,Cause-Effect,avg_freq_uni,bert
210,accuracy,dev,0.4084507042253521,Cause-Effect,avg_freq_bi,bert
211,accuracy,test,0.4157303370786517,Cause-Effect,avg_freq_bi,bert
212,accuracy,dev,0.43661971830985913,Cause-Effect,avg_freq_bi,bert
213,accuracy,test,0.4323308270676692,Cause-Effect,avg_freq_bi,bert
214,accuracy,dev,0.460093896713615,Cause-Effect,avg_freq_bi,bert
215,accuracy,test,0.44360902255639095,Cause-Effect,avg_freq_bi,bert
216,accuracy,dev,0.38967136150234744,Cause-Effect,avg_freq_bi,bert
217,accuracy,test,0.40225563909774437,Cause-Effect,avg_freq_bi,bert
218,accuracy,dev,0.43661971830985913,Cause-Effect,avg_freq_bi,bert
219,accuracy,test,0.38721804511278196,Cause-Effect,avg_freq_bi,bert
220,accuracy,dev,0.30985915492957744,Cause-Effect,P(E|C),gpt2
221,accuracy,test,0.27715355805243447,Cause-Effect,P(E|C),gpt2
222,accuracy,dev,0.28169014084507044,Cause-Effect,P(E|C),gpt2
223,accuracy,test,0.2857142857142857,Cause-Effect,P(E|C),gpt2
224,accuracy,dev,0.30985915492957744,Cause-Effect,P(E|C),gpt2
225,accuracy,test,0.2556390977443609,Cause-Effect,P(E|C),gpt2
226,accuracy,dev,0.27699530516431925,Cause-Effect,P(E|C),gpt2
227,accuracy,test,0.3007518796992481,Cause-Effect,P(E|C),gpt2
228,accuracy,dev,0.3051643192488263,Cause-Effect,P(E|C),gpt2
229,accuracy,test,0.31954887218045114,Cause-Effect,P(E|C),gpt2
230,accuracy,dev,0.3568075117370892,Cause-Effect,P(E),gpt2
231,accuracy,test,0.36329588014981273,Cause-Effect,P(E),gpt2
232,accuracy,dev,0.4084507042253521,Cause-Effect,P(E),gpt2
233,accuracy,test,0.41729323308270677,Cause-Effect,P(E),gpt2
234,accuracy,dev,0.37089201877934275,Cause-Effect,P(E),gpt2
235,accuracy,test,0.39473684210526316,Cause-Effect,P(E),gpt2
236,accuracy,dev,0.36619718309859156,Cause-Effect,P(E),gpt2
237,accuracy,test,0.38721804511278196,Cause-Effect,P(E),gpt2
238,accuracy,dev,0.460093896713615,Cause-Effect,P(E),gpt2
239,accuracy,test,0.3533834586466165,Cause-Effect,P(E),gpt2
240,accuracy,dev,0.3286384976525822,Cause-Effect,probabilistic_causality_diff,gpt2
241,accuracy,test,0.2958801498127341,Cause-Effect,probabilistic_causality_diff,gpt2
242,accuracy,dev,0.3051643192488263,Cause-Effect,probabilistic_causality_diff,gpt2
243,accuracy,test,0.3007518796992481,Cause-Effect,probabilistic_causality_diff,gpt2
244,accuracy,dev,0.3192488262910798,Cause-Effect,probabilistic_causality_diff,gpt2
245,accuracy,test,0.2593984962406015,Cause-Effect,probabilistic_causality_diff,gpt2
246,accuracy,dev,0.29577464788732394,Cause-Effect,probabilistic_causality_diff,gpt2
247,accuracy,test,0.30451127819548873,Cause-Effect,probabilistic_causality_diff,gpt2
248,accuracy,dev,0.3004694835680751,Cause-Effect,probabilistic_causality_diff,gpt2
249,accuracy,test,0.31203007518796994,Cause-Effect,probabilistic_causality_diff,gpt2
250,accuracy,dev,0.3286384976525822,Cause-Effect,delta_P,gpt2
251,accuracy,test,0.2958801498127341,Cause-Effect,delta_P,gpt2
252,accuracy,dev,0.3051643192488263,Cause-Effect,delta_P,gpt2
253,accuracy,test,0.3007518796992481,Cause-Effect,delta_P,gpt2
254,accuracy,dev,0.3192488262910798,Cause-Effect,delta_P,gpt2
255,accuracy,test,0.2593984962406015,Cause-Effect,delta_P,gpt2
256,accuracy,dev,0.29577464788732394,Cause-Effect,delta_P,gpt2
257,accuracy,test,0.30451127819548873,Cause-Effect,delta_P,gpt2
258,accuracy,dev,0.3004694835680751,Cause-Effect,delta_P,gpt2
259,accuracy,test,0.31203007518796994,Cause-Effect,delta_P,gpt2
260,accuracy,dev,0.352112676056338,Cause-Effect,P(E|no C),gpt2
261,accuracy,test,0.3408239700374532,Cause-Effect,P(E|no C),gpt2
262,accuracy,dev,0.4413145539906103,Cause-Effect,P(E|no C),gpt2
263,accuracy,test,0.37593984962406013,Cause-Effect,P(E|no C),gpt2
264,accuracy,dev,0.43661971830985913,Cause-Effect,P(E|no C),gpt2
265,accuracy,test,0.3533834586466165,Cause-Effect,P(E|no C),gpt2
266,accuracy,dev,0.4084507042253521,Cause-Effect,P(E|no C),gpt2
267,accuracy,test,0.38721804511278196,Cause-Effect,P(E|no C),gpt2
268,accuracy,dev,0.38028169014084506,Cause-Effect,P(E|no C),gpt2
269,accuracy,test,0.3684210526315789,Cause-Effect,P(E|no C),gpt2
270,accuracy,dev,0.323943661971831,Cause-Effect,q,gpt2
271,accuracy,test,0.2846441947565543,Cause-Effect,q,gpt2
272,accuracy,dev,0.30985915492957744,Cause-Effect,q,gpt2
273,accuracy,test,0.29699248120300753,Cause-Effect,q,gpt2
274,accuracy,dev,0.3192488262910798,Cause-Effect,q,gpt2
275,accuracy,test,0.2669172932330827,Cause-Effect,q,gpt2
276,accuracy,dev,0.3004694835680751,Cause-Effect,q,gpt2
277,accuracy,test,0.30451127819548873,Cause-Effect,q,gpt2
278,accuracy,dev,0.3051643192488263,Cause-Effect,q,gpt2
279,accuracy,test,0.3533834586466165,Cause-Effect,q,gpt2
280,accuracy,dev,0.3286384976525822,Cause-Effect,p,gpt2
281,accuracy,test,0.2546816479400749,Cause-Effect,p,gpt2
282,accuracy,dev,0.3004694835680751,Cause-Effect,p,gpt2
283,accuracy,test,0.31954887218045114,Cause-Effect,p,gpt2
284,accuracy,dev,0.36619718309859156,Cause-Effect,p,gpt2
285,accuracy,test,0.2857142857142857,Cause-Effect,p,gpt2
286,accuracy,dev,0.27230046948356806,Cause-Effect,p,gpt2
287,accuracy,test,0.29699248120300753,Cause-Effect,p,gpt2
288,accuracy,dev,0.38028169014084506,Cause-Effect,p,gpt2
289,accuracy,test,0.33458646616541354,Cause-Effect,p,gpt2
290,accuracy,dev,0.29107981220657275,Cause-Effect,causal_power,gpt2
291,accuracy,test,0.26591760299625467,Cause-Effect,causal_power,gpt2
292,accuracy,dev,0.3568075117370892,Cause-Effect,causal_power,gpt2
293,accuracy,test,0.3233082706766917,Cause-Effect,causal_power,gpt2
294,accuracy,dev,0.29577464788732394,Cause-Effect,causal_power,gpt2
295,accuracy,test,0.30451127819548873,Cause-Effect,causal_power,gpt2
296,accuracy,dev,0.3380281690140845,Cause-Effect,causal_power,gpt2
297,accuracy,test,0.31203007518796994,Cause-Effect,causal_power,gpt2
298,accuracy,dev,0.3615023474178404,Cause-Effect,causal_power,gpt2
299,accuracy,test,0.2932330827067669,Cause-Effect,causal_power,gpt2
300,accuracy,dev,0.2863849765258216,Cause-Effect,PMI,gpt2
301,accuracy,test,0.31086142322097376,Cause-Effect,PMI,gpt2
302,accuracy,dev,0.3427230046948357,Cause-Effect,PMI,gpt2
303,accuracy,test,0.2932330827067669,Cause-Effect,PMI,gpt2
304,accuracy,dev,0.3474178403755869,Cause-Effect,PMI,gpt2
305,accuracy,test,0.31954887218045114,Cause-Effect,PMI,gpt2
306,accuracy,dev,0.3192488262910798,Cause-Effect,PMI,gpt2
307,accuracy,test,0.2894736842105263,Cause-Effect,PMI,gpt2
308,accuracy,dev,0.37089201877934275,Cause-Effect,PMI,gpt2
309,accuracy,test,0.3383458646616541,Cause-Effect,PMI,gpt2
310,accuracy,dev,0.2863849765258216,Cause-Effect,PPMI,gpt2
311,accuracy,test,0.31086142322097376,Cause-Effect,PPMI,gpt2
312,accuracy,dev,0.3427230046948357,Cause-Effect,PPMI,gpt2
313,accuracy,test,0.2932330827067669,Cause-Effect,PPMI,gpt2
314,accuracy,dev,0.3474178403755869,Cause-Effect,PPMI,gpt2
315,accuracy,test,0.31954887218045114,Cause-Effect,PPMI,gpt2
316,accuracy,dev,0.3192488262910798,Cause-Effect,PPMI,gpt2
317,accuracy,test,0.2894736842105263,Cause-Effect,PPMI,gpt2
318,accuracy,dev,0.37089201877934275,Cause-Effect,PPMI,gpt2
319,accuracy,test,0.3383458646616541,Cause-Effect,PPMI,gpt2
320,accuracy,dev,0.2863849765258216,Cause-Effect,CPMI_-2,gpt2
321,accuracy,test,0.31086142322097376,Cause-Effect,CPMI_-2,gpt2
322,accuracy,dev,0.3427230046948357,Cause-Effect,CPMI_-2,gpt2
323,accuracy,test,0.2932330827067669,Cause-Effect,CPMI_-2,gpt2
324,accuracy,dev,0.3474178403755869,Cause-Effect,CPMI_-2,gpt2
325,accuracy,test,0.31954887218045114,Cause-Effect,CPMI_-2,gpt2
326,accuracy,dev,0.3192488262910798,Cause-Effect,CPMI_-2,gpt2
327,accuracy,test,0.2894736842105263,Cause-Effect,CPMI_-2,gpt2
328,accuracy,dev,0.37089201877934275,Cause-Effect,CPMI_-2,gpt2
329,accuracy,test,0.3383458646616541,Cause-Effect,CPMI_-2,gpt2
330,accuracy,dev,0.3286384976525822,Cause-Effect,NPMI,gpt2
331,accuracy,test,0.31835205992509363,Cause-Effect,NPMI,gpt2
332,accuracy,dev,0.3755868544600939,Cause-Effect,NPMI,gpt2
333,accuracy,test,0.30451127819548873,Cause-Effect,NPMI,gpt2
334,accuracy,dev,0.3192488262910798,Cause-Effect,NPMI,gpt2
335,accuracy,test,0.3007518796992481,Cause-Effect,NPMI,gpt2
336,accuracy,dev,0.3474178403755869,Cause-Effect,NPMI,gpt2
337,accuracy,test,0.3007518796992481,Cause-Effect,NPMI,gpt2
338,accuracy,dev,0.3755868544600939,Cause-Effect,NPMI,gpt2
339,accuracy,test,0.29699248120300753,Cause-Effect,NPMI,gpt2
340,accuracy,dev,0.2863849765258216,Cause-Effect,NNEGPMI,gpt2
341,accuracy,test,0.31086142322097376,Cause-Effect,NNEGPMI,gpt2
342,accuracy,dev,0.3427230046948357,Cause-Effect,NNEGPMI,gpt2
343,accuracy,test,0.2932330827067669,Cause-Effect,NNEGPMI,gpt2
344,accuracy,dev,0.3474178403755869,Cause-Effect,NNEGPMI,gpt2
345,accuracy,test,0.31954887218045114,Cause-Effect,NNEGPMI,gpt2
346,accuracy,dev,0.3192488262910798,Cause-Effect,NNEGPMI,gpt2
347,accuracy,test,0.2894736842105263,Cause-Effect,NNEGPMI,gpt2
348,accuracy,dev,0.37089201877934275,Cause-Effect,NNEGPMI,gpt2
349,accuracy,test,0.3383458646616541,Cause-Effect,NNEGPMI,gpt2
350,accuracy,dev,0.38028169014084506,Cause-Effect,P(C|E),gpt2
351,accuracy,test,0.2958801498127341,Cause-Effect,P(C|E),gpt2
352,accuracy,dev,0.323943661971831,Cause-Effect,P(C|E),gpt2
353,accuracy,test,0.3007518796992481,Cause-Effect,P(C|E),gpt2
354,accuracy,dev,0.3568075117370892,Cause-Effect,P(C|E),gpt2
355,accuracy,test,0.3308270676691729,Cause-Effect,P(C|E),gpt2
356,accuracy,dev,0.3380281690140845,Cause-Effect,P(C|E),gpt2
357,accuracy,test,0.3609022556390977,Cause-Effect,P(C|E),gpt2
358,accuracy,dev,0.3333333333333333,Cause-Effect,P(C|E),gpt2
359,accuracy,test,0.3308270676691729,Cause-Effect,P(C|E),gpt2
360,accuracy,dev,0.40375586854460094,Cause-Effect,causal_stength_nec,gpt2
361,accuracy,test,0.35580524344569286,Cause-Effect,causal_stength_nec,gpt2
362,accuracy,dev,0.29577464788732394,Cause-Effect,causal_stength_nec,gpt2
363,accuracy,test,0.3308270676691729,Cause-Effect,causal_stength_nec,gpt2
364,accuracy,dev,0.3051643192488263,Cause-Effect,causal_stength_nec,gpt2
365,accuracy,test,0.3533834586466165,Cause-Effect,causal_stength_nec,gpt2
366,accuracy,dev,0.323943661971831,Cause-Effect,causal_stength_nec,gpt2
367,accuracy,test,0.3082706766917293,Cause-Effect,causal_stength_nec,gpt2
368,accuracy,dev,0.3286384976525822,Cause-Effect,causal_stength_nec,gpt2
369,accuracy,test,0.34210526315789475,Cause-Effect,causal_stength_nec,gpt2
370,accuracy,dev,0.3474178403755869,Cause-Effect,causal_stength_suf,gpt2
371,accuracy,test,0.3333333333333333,Cause-Effect,causal_stength_suf,gpt2
372,accuracy,dev,0.3568075117370892,Cause-Effect,causal_stength_suf,gpt2
373,accuracy,test,0.32706766917293234,Cause-Effect,causal_stength_suf,gpt2
374,accuracy,dev,0.3333333333333333,Cause-Effect,causal_stength_suf,gpt2
375,accuracy,test,0.34210526315789475,Cause-Effect,causal_stength_suf,gpt2
376,accuracy,dev,0.3474178403755869,Cause-Effect,causal_stength_suf,gpt2
377,accuracy,test,0.29699248120300753,Cause-Effect,causal_stength_suf,gpt2
378,accuracy,dev,0.3755868544600939,Cause-Effect,causal_stength_suf,gpt2
379,accuracy,test,0.3458646616541353,Cause-Effect,causal_stength_suf,gpt2
380,accuracy,dev,0.3286384976525822,Cause-Effect,causal_stength_0.5,gpt2
381,accuracy,test,0.33707865168539325,Cause-Effect,causal_stength_0.5,gpt2
382,accuracy,dev,0.3474178403755869,Cause-Effect,causal_stength_0.5,gpt2
383,accuracy,test,0.3233082706766917,Cause-Effect,causal_stength_0.5,gpt2
384,accuracy,dev,0.3333333333333333,Cause-Effect,causal_stength_0.5,gpt2
385,accuracy,test,0.2857142857142857,Cause-Effect,causal_stength_0.5,gpt2
386,accuracy,dev,0.3568075117370892,Cause-Effect,causal_stength_0.5,gpt2
387,accuracy,test,0.34210526315789475,Cause-Effect,causal_stength_0.5,gpt2
388,accuracy,dev,0.36619718309859156,Cause-Effect,causal_stength_0.5,gpt2
389,accuracy,test,0.34210526315789475,Cause-Effect,causal_stength_0.5,gpt2
390,accuracy,dev,0.352112676056338,Cause-Effect,causal_stength_0.7,gpt2
391,accuracy,test,0.3595505617977528,Cause-Effect,causal_stength_0.7,gpt2
392,accuracy,dev,0.30985915492957744,Cause-Effect,causal_stength_0.7,gpt2
393,accuracy,test,0.3458646616541353,Cause-Effect,causal_stength_0.7,gpt2
394,accuracy,dev,0.3755868544600939,Cause-Effect,causal_stength_0.7,gpt2
395,accuracy,test,0.2894736842105263,Cause-Effect,causal_stength_0.7,gpt2
396,accuracy,dev,0.3427230046948357,Cause-Effect,causal_stength_0.7,gpt2
397,accuracy,test,0.2819548872180451,Cause-Effect,causal_stength_0.7,gpt2
398,accuracy,dev,0.3286384976525822,Cause-Effect,causal_stength_0.7,gpt2
399,accuracy,test,0.31203007518796994,Cause-Effect,causal_stength_0.7,gpt2
400,accuracy,dev,0.3380281690140845,Cause-Effect,causal_stength_0.9,gpt2
401,accuracy,test,0.3408239700374532,Cause-Effect,causal_stength_0.9,gpt2
402,accuracy,dev,0.3568075117370892,Cause-Effect,causal_stength_0.9,gpt2
403,accuracy,test,0.3007518796992481,Cause-Effect,causal_stength_0.9,gpt2
404,accuracy,dev,0.30985915492957744,Cause-Effect,causal_stength_0.9,gpt2
405,accuracy,test,0.2932330827067669,Cause-Effect,causal_stength_0.9,gpt2
406,accuracy,dev,0.3427230046948357,Cause-Effect,causal_stength_0.9,gpt2
407,accuracy,test,0.29699248120300753,Cause-Effect,causal_stength_0.9,gpt2
408,accuracy,dev,0.3427230046948357,Cause-Effect,causal_stength_0.9,gpt2
409,accuracy,test,0.3533834586466165,Cause-Effect,causal_stength_0.9,gpt2
410,accuracy,dev,0.40375586854460094,Cause-Effect,causal_stength_1.0,gpt2
411,accuracy,test,0.35580524344569286,Cause-Effect,causal_stength_1.0,gpt2
412,accuracy,dev,0.29577464788732394,Cause-Effect,causal_stength_1.0,gpt2
413,accuracy,test,0.3308270676691729,Cause-Effect,causal_stength_1.0,gpt2
414,accuracy,dev,0.3051643192488263,Cause-Effect,causal_stength_1.0,gpt2
415,accuracy,test,0.3533834586466165,Cause-Effect,causal_stength_1.0,gpt2
416,accuracy,dev,0.323943661971831,Cause-Effect,causal_stength_1.0,gpt2
417,accuracy,test,0.3082706766917293,Cause-Effect,causal_stength_1.0,gpt2
418,accuracy,dev,0.3286384976525822,Cause-Effect,causal_stength_1.0,gpt2
419,accuracy,test,0.34210526315789475,Cause-Effect,causal_stength_1.0,gpt2
420,accuracy,dev,0.4460093896713615,Cause-Effect,avg_freq_uni,gpt2
421,accuracy,test,0.3408239700374532,Cause-Effect,avg_freq_uni,gpt2
422,accuracy,dev,0.4413145539906103,Cause-Effect,avg_freq_uni,gpt2
423,accuracy,test,0.38345864661654133,Cause-Effect,avg_freq_uni,gpt2
424,accuracy,dev,0.4272300469483568,Cause-Effect,avg_freq_uni,gpt2
425,accuracy,test,0.4323308270676692,Cause-Effect,avg_freq_uni,gpt2
426,accuracy,dev,0.4413145539906103,Cause-Effect,avg_freq_uni,gpt2
427,accuracy,test,0.37969924812030076,Cause-Effect,avg_freq_uni,gpt2
428,accuracy,dev,0.4272300469483568,Cause-Effect,avg_freq_uni,gpt2
429,accuracy,test,0.41353383458646614,Cause-Effect,avg_freq_uni,gpt2
430,accuracy,dev,0.48826291079812206,Cause-Effect,avg_freq_bi,gpt2
431,accuracy,test,0.42696629213483145,Cause-Effect,avg_freq_bi,gpt2
432,accuracy,dev,0.43661971830985913,Cause-Effect,avg_freq_bi,gpt2
433,accuracy,test,0.40601503759398494,Cause-Effect,avg_freq_bi,gpt2
434,accuracy,dev,0.4460093896713615,Cause-Effect,avg_freq_bi,gpt2
435,accuracy,test,0.40977443609022557,Cause-Effect,avg_freq_bi,gpt2
436,accuracy,dev,0.41784037558685444,Cause-Effect,avg_freq_bi,gpt2
437,accuracy,test,0.39097744360902253,Cause-Effect,avg_freq_bi,gpt2
438,accuracy,dev,0.431924882629108,Cause-Effect,avg_freq_bi,gpt2
439,accuracy,test,0.37969924812030076,Cause-Effect,avg_freq_bi,gpt2
440,accuracy,dev,0.30985915492957744,Cause-Effect,P(E|C),glove
441,accuracy,test,0.2808988764044944,Cause-Effect,P(E|C),glove
442,accuracy,dev,0.3004694835680751,Cause-Effect,P(E|C),glove
443,accuracy,test,0.3157894736842105,Cause-Effect,P(E|C),glove
444,accuracy,dev,0.30985915492957744,Cause-Effect,P(E|C),glove
445,accuracy,test,0.2669172932330827,Cause-Effect,P(E|C),glove
446,accuracy,dev,0.25821596244131456,Cause-Effect,P(E|C),glove
447,accuracy,test,0.2669172932330827,Cause-Effect,P(E|C),glove
448,accuracy,dev,0.3004694835680751,Cause-Effect,P(E|C),glove
449,accuracy,test,0.3308270676691729,Cause-Effect,P(E|C),glove
450,accuracy,dev,0.352112676056338,Cause-Effect,P(E),glove
451,accuracy,test,0.3146067415730337,Cause-Effect,P(E),glove
452,accuracy,dev,0.38497652582159625,Cause-Effect,P(E),glove
453,accuracy,test,0.37969924812030076,Cause-Effect,P(E),glove
454,accuracy,dev,0.3615023474178404,Cause-Effect,P(E),glove
455,accuracy,test,0.36466165413533835,Cause-Effect,P(E),glove
456,accuracy,dev,0.3051643192488263,Cause-Effect,P(E),glove
457,accuracy,test,0.31954887218045114,Cause-Effect,P(E),glove
458,accuracy,dev,0.39436619718309857,Cause-Effect,P(E),glove
459,accuracy,test,0.31954887218045114,Cause-Effect,P(E),glove
460,accuracy,dev,0.352112676056338,Cause-Effect,probabilistic_causality_diff,glove
461,accuracy,test,0.27340823970037453,Cause-Effect,probabilistic_causality_diff,glove
462,accuracy,dev,0.29577464788732394,Cause-Effect,probabilistic_causality_diff,glove
463,accuracy,test,0.2819548872180451,Cause-Effect,probabilistic_causality_diff,glove
464,accuracy,dev,0.3333333333333333,Cause-Effect,probabilistic_causality_diff,glove
465,accuracy,test,0.2932330827067669,Cause-Effect,probabilistic_causality_diff,glove
466,accuracy,dev,0.27230046948356806,Cause-Effect,probabilistic_causality_diff,glove
467,accuracy,test,0.24812030075187969,Cause-Effect,probabilistic_causality_diff,glove
468,accuracy,dev,0.2676056338028169,Cause-Effect,probabilistic_causality_diff,glove
469,accuracy,test,0.23308270676691728,Cause-Effect,probabilistic_causality_diff,glove
470,accuracy,dev,0.352112676056338,Cause-Effect,delta_P,glove
471,accuracy,test,0.27340823970037453,Cause-Effect,delta_P,glove
472,accuracy,dev,0.29577464788732394,Cause-Effect,delta_P,glove
473,accuracy,test,0.2819548872180451,Cause-Effect,delta_P,glove
474,accuracy,dev,0.3333333333333333,Cause-Effect,delta_P,glove
475,accuracy,test,0.2932330827067669,Cause-Effect,delta_P,glove
476,accuracy,dev,0.27230046948356806,Cause-Effect,delta_P,glove
477,accuracy,test,0.24812030075187969,Cause-Effect,delta_P,glove
478,accuracy,dev,0.2676056338028169,Cause-Effect,delta_P,glove
479,accuracy,test,0.23308270676691728,Cause-Effect,delta_P,glove
480,accuracy,dev,0.3568075117370892,Cause-Effect,P(E|no C),glove
481,accuracy,test,0.3295880149812734,Cause-Effect,P(E|no C),glove
482,accuracy,dev,0.39906103286384975,Cause-Effect,P(E|no C),glove
483,accuracy,test,0.3609022556390977,Cause-Effect,P(E|no C),glove
484,accuracy,dev,0.3755868544600939,Cause-Effect,P(E|no C),glove
485,accuracy,test,0.3157894736842105,Cause-Effect,P(E|no C),glove
486,accuracy,dev,0.38028169014084506,Cause-Effect,P(E|no C),glove
487,accuracy,test,0.3684210526315789,Cause-Effect,P(E|no C),glove
488,accuracy,dev,0.3192488262910798,Cause-Effect,P(E|no C),glove
489,accuracy,test,0.37218045112781956,Cause-Effect,P(E|no C),glove
490,accuracy,dev,0.3286384976525822,Cause-Effect,q,glove
491,accuracy,test,0.2808988764044944,Cause-Effect,q,glove
492,accuracy,dev,0.3051643192488263,Cause-Effect,q,glove
493,accuracy,test,0.2556390977443609,Cause-Effect,q,glove
494,accuracy,dev,0.3286384976525822,Cause-Effect,q,glove
495,accuracy,test,0.2932330827067669,Cause-Effect,q,glove
496,accuracy,dev,0.2863849765258216,Cause-Effect,q,glove
497,accuracy,test,0.24436090225563908,Cause-Effect,q,glove
498,accuracy,dev,0.27230046948356806,Cause-Effect,q,glove
499,accuracy,test,0.2556390977443609,Cause-Effect,q,glove
500,accuracy,dev,0.3192488262910798,Cause-Effect,p,glove
501,accuracy,test,0.27715355805243447,Cause-Effect,p,glove
502,accuracy,dev,0.28169014084507044,Cause-Effect,p,glove
503,accuracy,test,0.2669172932330827,Cause-Effect,p,glove
504,accuracy,dev,0.3333333333333333,Cause-Effect,p,glove
505,accuracy,test,0.2669172932330827,Cause-Effect,p,glove
506,accuracy,dev,0.25821596244131456,Cause-Effect,p,glove
507,accuracy,test,0.2744360902255639,Cause-Effect,p,glove
508,accuracy,dev,0.3145539906103286,Cause-Effect,p,glove
509,accuracy,test,0.31203007518796994,Cause-Effect,p,glove
510,accuracy,dev,0.323943661971831,Cause-Effect,causal_power,glove
511,accuracy,test,0.299625468164794,Cause-Effect,causal_power,glove
512,accuracy,dev,0.3145539906103286,Cause-Effect,causal_power,glove
513,accuracy,test,0.31954887218045114,Cause-Effect,causal_power,glove
514,accuracy,dev,0.2676056338028169,Cause-Effect,causal_power,glove
515,accuracy,test,0.3308270676691729,Cause-Effect,causal_power,glove
516,accuracy,dev,0.3286384976525822,Cause-Effect,causal_power,glove
517,accuracy,test,0.3383458646616541,Cause-Effect,causal_power,glove
518,accuracy,dev,0.3568075117370892,Cause-Effect,causal_power,glove
519,accuracy,test,0.2932330827067669,Cause-Effect,causal_power,glove
520,accuracy,dev,0.323943661971831,Cause-Effect,PMI,glove
521,accuracy,test,0.2808988764044944,Cause-Effect,PMI,glove
522,accuracy,dev,0.3192488262910798,Cause-Effect,PMI,glove
523,accuracy,test,0.2556390977443609,Cause-Effect,PMI,glove
524,accuracy,dev,0.3004694835680751,Cause-Effect,PMI,glove
525,accuracy,test,0.3233082706766917,Cause-Effect,PMI,glove
526,accuracy,dev,0.27699530516431925,Cause-Effect,PMI,glove
527,accuracy,test,0.2781954887218045,Cause-Effect,PMI,glove
528,accuracy,dev,0.36619718309859156,Cause-Effect,PMI,glove
529,accuracy,test,0.3383458646616541,Cause-Effect,PMI,glove
530,accuracy,dev,0.323943661971831,Cause-Effect,PPMI,glove
531,accuracy,test,0.2808988764044944,Cause-Effect,PPMI,glove
532,accuracy,dev,0.3192488262910798,Cause-Effect,PPMI,glove
533,accuracy,test,0.2556390977443609,Cause-Effect,PPMI,glove
534,accuracy,dev,0.3004694835680751,Cause-Effect,PPMI,glove
535,accuracy,test,0.3233082706766917,Cause-Effect,PPMI,glove
536,accuracy,dev,0.27699530516431925,Cause-Effect,PPMI,glove
537,accuracy,test,0.2781954887218045,Cause-Effect,PPMI,glove
538,accuracy,dev,0.36619718309859156,Cause-Effect,PPMI,glove
539,accuracy,test,0.3383458646616541,Cause-Effect,PPMI,glove
540,accuracy,dev,0.323943661971831,Cause-Effect,CPMI_-2,glove
541,accuracy,test,0.2808988764044944,Cause-Effect,CPMI_-2,glove
542,accuracy,dev,0.3192488262910798,Cause-Effect,CPMI_-2,glove
543,accuracy,test,0.2556390977443609,Cause-Effect,CPMI_-2,glove
544,accuracy,dev,0.3004694835680751,Cause-Effect,CPMI_-2,glove
545,accuracy,test,0.3233082706766917,Cause-Effect,CPMI_-2,glove
546,accuracy,dev,0.27699530516431925,Cause-Effect,CPMI_-2,glove
547,accuracy,test,0.2781954887218045,Cause-Effect,CPMI_-2,glove
548,accuracy,dev,0.36619718309859156,Cause-Effect,CPMI_-2,glove
549,accuracy,test,0.3383458646616541,Cause-Effect,CPMI_-2,glove
550,accuracy,dev,0.3004694835680751,Cause-Effect,NPMI,glove
551,accuracy,test,0.299625468164794,Cause-Effect,NPMI,glove
552,accuracy,dev,0.352112676056338,Cause-Effect,NPMI,glove
553,accuracy,test,0.3082706766917293,Cause-Effect,NPMI,glove
554,accuracy,dev,0.3004694835680751,Cause-Effect,NPMI,glove
555,accuracy,test,0.31954887218045114,Cause-Effect,NPMI,glove
556,accuracy,dev,0.3145539906103286,Cause-Effect,NPMI,glove
557,accuracy,test,0.35714285714285715,Cause-Effect,NPMI,glove
558,accuracy,dev,0.38497652582159625,Cause-Effect,NPMI,glove
559,accuracy,test,0.3082706766917293,Cause-Effect,NPMI,glove
560,accuracy,dev,0.323943661971831,Cause-Effect,NNEGPMI,glove
561,accuracy,test,0.2808988764044944,Cause-Effect,NNEGPMI,glove
562,accuracy,dev,0.3192488262910798,Cause-Effect,NNEGPMI,glove
563,accuracy,test,0.2556390977443609,Cause-Effect,NNEGPMI,glove
564,accuracy,dev,0.3004694835680751,Cause-Effect,NNEGPMI,glove
565,accuracy,test,0.3233082706766917,Cause-Effect,NNEGPMI,glove
566,accuracy,dev,0.27699530516431925,Cause-Effect,NNEGPMI,glove
567,accuracy,test,0.2781954887218045,Cause-Effect,NNEGPMI,glove
568,accuracy,dev,0.36619718309859156,Cause-Effect,NNEGPMI,glove
569,accuracy,test,0.3383458646616541,Cause-Effect,NNEGPMI,glove
570,accuracy,dev,0.3192488262910798,Cause-Effect,P(C|E),glove
571,accuracy,test,0.299625468164794,Cause-Effect,P(C|E),glove
572,accuracy,dev,0.28169014084507044,Cause-Effect,P(C|E),glove
573,accuracy,test,0.30451127819548873,Cause-Effect,P(C|E),glove
574,accuracy,dev,0.3145539906103286,Cause-Effect,P(C|E),glove
575,accuracy,test,0.32706766917293234,Cause-Effect,P(C|E),glove
576,accuracy,dev,0.323943661971831,Cause-Effect,P(C|E),glove
577,accuracy,test,0.2781954887218045,Cause-Effect,P(C|E),glove
578,accuracy,dev,0.29107981220657275,Cause-Effect,P(C|E),glove
579,accuracy,test,0.29699248120300753,Cause-Effect,P(C|E),glove
580,accuracy,dev,0.4131455399061033,Cause-Effect,causal_stength_nec,glove
581,accuracy,test,0.3295880149812734,Cause-Effect,causal_stength_nec,glove
582,accuracy,dev,0.3004694835680751,Cause-Effect,causal_stength_nec,glove
583,accuracy,test,0.32706766917293234,Cause-Effect,causal_stength_nec,glove
584,accuracy,dev,0.29107981220657275,Cause-Effect,causal_stength_nec,glove
585,accuracy,test,0.3082706766917293,Cause-Effect,causal_stength_nec,glove
586,accuracy,dev,0.28169014084507044,Cause-Effect,causal_stength_nec,glove
587,accuracy,test,0.32706766917293234,Cause-Effect,causal_stength_nec,glove
588,accuracy,dev,0.2863849765258216,Cause-Effect,causal_stength_nec,glove
589,accuracy,test,0.32706766917293234,Cause-Effect,causal_stength_nec,glove
590,accuracy,dev,0.3286384976525822,Cause-Effect,causal_stength_suf,glove
591,accuracy,test,0.33707865168539325,Cause-Effect,causal_stength_suf,glove
592,accuracy,dev,0.3615023474178404,Cause-Effect,causal_stength_suf,glove
593,accuracy,test,0.2781954887218045,Cause-Effect,causal_stength_suf,glove
594,accuracy,dev,0.352112676056338,Cause-Effect,causal_stength_suf,glove
595,accuracy,test,0.3383458646616541,Cause-Effect,causal_stength_suf,glove
596,accuracy,dev,0.30985915492957744,Cause-Effect,causal_stength_suf,glove
597,accuracy,test,0.2894736842105263,Cause-Effect,causal_stength_suf,glove
598,accuracy,dev,0.3427230046948357,Cause-Effect,causal_stength_suf,glove
599,accuracy,test,0.3308270676691729,Cause-Effect,causal_stength_suf,glove
600,accuracy,dev,0.3145539906103286,Cause-Effect,causal_stength_0.5,glove
601,accuracy,test,0.31086142322097376,Cause-Effect,causal_stength_0.5,glove
602,accuracy,dev,0.3474178403755869,Cause-Effect,causal_stength_0.5,glove
603,accuracy,test,0.2706766917293233,Cause-Effect,causal_stength_0.5,glove
604,accuracy,dev,0.3286384976525822,Cause-Effect,causal_stength_0.5,glove
605,accuracy,test,0.30451127819548873,Cause-Effect,causal_stength_0.5,glove
606,accuracy,dev,0.29577464788732394,Cause-Effect,causal_stength_0.5,glove
607,accuracy,test,0.3157894736842105,Cause-Effect,causal_stength_0.5,glove
608,accuracy,dev,0.3474178403755869,Cause-Effect,causal_stength_0.5,glove
609,accuracy,test,0.3082706766917293,Cause-Effect,causal_stength_0.5,glove
610,accuracy,dev,0.3145539906103286,Cause-Effect,causal_stength_0.7,glove
611,accuracy,test,0.30711610486891383,Cause-Effect,causal_stength_0.7,glove
612,accuracy,dev,0.2863849765258216,Cause-Effect,causal_stength_0.7,glove
613,accuracy,test,0.30451127819548873,Cause-Effect,causal_stength_0.7,glove
614,accuracy,dev,0.30985915492957744,Cause-Effect,causal_stength_0.7,glove
615,accuracy,test,0.2932330827067669,Cause-Effect,causal_stength_0.7,glove
616,accuracy,dev,0.2863849765258216,Cause-Effect,causal_stength_0.7,glove
617,accuracy,test,0.30451127819548873,Cause-Effect,causal_stength_0.7,glove
618,accuracy,dev,0.352112676056338,Cause-Effect,causal_stength_0.7,glove
619,accuracy,test,0.2593984962406015,Cause-Effect,causal_stength_0.7,glove
620,accuracy,dev,0.3427230046948357,Cause-Effect,causal_stength_0.9,glove
621,accuracy,test,0.35580524344569286,Cause-Effect,causal_stength_0.9,glove
622,accuracy,dev,0.3333333333333333,Cause-Effect,causal_stength_0.9,glove
623,accuracy,test,0.2819548872180451,Cause-Effect,causal_stength_0.9,glove
624,accuracy,dev,0.30985915492957744,Cause-Effect,causal_stength_0.9,glove
625,accuracy,test,0.31203007518796994,Cause-Effect,causal_stength_0.9,glove
626,accuracy,dev,0.29577464788732394,Cause-Effect,causal_stength_0.9,glove
627,accuracy,test,0.3007518796992481,Cause-Effect,causal_stength_0.9,glove
628,accuracy,dev,0.3333333333333333,Cause-Effect,causal_stength_0.9,glove
629,accuracy,test,0.3233082706766917,Cause-Effect,causal_stength_0.9,glove
630,accuracy,dev,0.4131455399061033,Cause-Effect,causal_stength_1.0,glove
631,accuracy,test,0.3295880149812734,Cause-Effect,causal_stength_1.0,glove
632,accuracy,dev,0.3004694835680751,Cause-Effect,causal_stength_1.0,glove
633,accuracy,test,0.32706766917293234,Cause-Effect,causal_stength_1.0,glove
634,accuracy,dev,0.29107981220657275,Cause-Effect,causal_stength_1.0,glove
635,accuracy,test,0.3082706766917293,Cause-Effect,causal_stength_1.0,glove
636,accuracy,dev,0.28169014084507044,Cause-Effect,causal_stength_1.0,glove
637,accuracy,test,0.32706766917293234,Cause-Effect,causal_stength_1.0,glove
638,accuracy,dev,0.2863849765258216,Cause-Effect,causal_stength_1.0,glove
639,accuracy,test,0.32706766917293234,Cause-Effect,causal_stength_1.0,glove
640,accuracy,dev,0.431924882629108,Cause-Effect,avg_freq_uni,glove
641,accuracy,test,0.37453183520599254,Cause-Effect,avg_freq_uni,glove
642,accuracy,dev,0.4507042253521127,Cause-Effect,avg_freq_uni,glove
643,accuracy,test,0.44360902255639095,Cause-Effect,avg_freq_uni,glove
644,accuracy,dev,0.40375586854460094,Cause-Effect,avg_freq_uni,glove
645,accuracy,test,0.4548872180451128,Cause-Effect,avg_freq_uni,glove
646,accuracy,dev,0.4084507042253521,Cause-Effect,avg_freq_uni,glove
647,accuracy,test,0.34210526315789475,Cause-Effect,avg_freq_uni,glove
648,accuracy,dev,0.41784037558685444,Cause-Effect,avg_freq_uni,glove
649,accuracy,test,0.39849624060150374,Cause-Effect,avg_freq_uni,glove
650,accuracy,dev,0.4835680751173709,Cause-Effect,avg_freq_bi,glove
651,accuracy,test,0.4307116104868914,Cause-Effect,avg_freq_bi,glove
652,accuracy,dev,0.5023474178403756,Cause-Effect,avg_freq_bi,glove
653,accuracy,test,0.38721804511278196,Cause-Effect,avg_freq_bi,glove
654,accuracy,dev,0.4084507042253521,Cause-Effect,avg_freq_bi,glove
655,accuracy,test,0.44360902255639095,Cause-Effect,avg_freq_bi,glove
656,accuracy,dev,0.3755868544600939,Cause-Effect,avg_freq_bi,glove
657,accuracy,test,0.424812030075188,Cause-Effect,avg_freq_bi,glove
658,accuracy,dev,0.4272300469483568,Cause-Effect,avg_freq_bi,glove
659,accuracy,test,0.44360902255639095,Cause-Effect,avg_freq_bi,glove
660,accuracy,dev,0.3004694835680751,Cause-Effect,P(E|C),conceptnet
661,accuracy,test,0.23595505617977527,Cause-Effect,P(E|C),conceptnet
662,accuracy,dev,0.28169014084507044,Cause-Effect,P(E|C),conceptnet
663,accuracy,test,0.2706766917293233,Cause-Effect,P(E|C),conceptnet
664,accuracy,dev,0.29577464788732394,Cause-Effect,P(E|C),conceptnet
665,accuracy,test,0.24060150375939848,Cause-Effect,P(E|C),conceptnet
666,accuracy,dev,0.25821596244131456,Cause-Effect,P(E|C),conceptnet
667,accuracy,test,0.2631578947368421,Cause-Effect,P(E|C),conceptnet
668,accuracy,dev,0.27230046948356806,Cause-Effect,P(E|C),conceptnet
669,accuracy,test,0.23684210526315788,Cause-Effect,P(E|C),conceptnet
670,accuracy,dev,0.29107981220657275,Cause-Effect,P(E),conceptnet
671,accuracy,test,0.3595505617977528,Cause-Effect,P(E),conceptnet
672,accuracy,dev,0.3286384976525822,Cause-Effect,P(E),conceptnet
673,accuracy,test,0.31954887218045114,Cause-Effect,P(E),conceptnet
674,accuracy,dev,0.29577464788732394,Cause-Effect,P(E),conceptnet
675,accuracy,test,0.3233082706766917,Cause-Effect,P(E),conceptnet
676,accuracy,dev,0.2863849765258216,Cause-Effect,P(E),conceptnet
677,accuracy,test,0.3082706766917293,Cause-Effect,P(E),conceptnet
678,accuracy,dev,0.3474178403755869,Cause-Effect,P(E),conceptnet
679,accuracy,test,0.2781954887218045,Cause-Effect,P(E),conceptnet
680,accuracy,dev,0.3286384976525822,Cause-Effect,probabilistic_causality_diff,conceptnet
681,accuracy,test,0.24719101123595505,Cause-Effect,probabilistic_causality_diff,conceptnet
682,accuracy,dev,0.25821596244131456,Cause-Effect,probabilistic_causality_diff,conceptnet
683,accuracy,test,0.2518796992481203,Cause-Effect,probabilistic_causality_diff,conceptnet
684,accuracy,dev,0.3004694835680751,Cause-Effect,probabilistic_causality_diff,conceptnet
685,accuracy,test,0.2744360902255639,Cause-Effect,probabilistic_causality_diff,conceptnet
686,accuracy,dev,0.2347417840375587,Cause-Effect,probabilistic_causality_diff,conceptnet
687,accuracy,test,0.2781954887218045,Cause-Effect,probabilistic_causality_diff,conceptnet
688,accuracy,dev,0.24882629107981222,Cause-Effect,probabilistic_causality_diff,conceptnet
689,accuracy,test,0.24060150375939848,Cause-Effect,probabilistic_causality_diff,conceptnet
690,accuracy,dev,0.3286384976525822,Cause-Effect,delta_P,conceptnet
691,accuracy,test,0.24719101123595505,Cause-Effect,delta_P,conceptnet
692,accuracy,dev,0.25821596244131456,Cause-Effect,delta_P,conceptnet
693,accuracy,test,0.2518796992481203,Cause-Effect,delta_P,conceptnet
694,accuracy,dev,0.3004694835680751,Cause-Effect,delta_P,conceptnet
695,accuracy,test,0.2744360902255639,Cause-Effect,delta_P,conceptnet
696,accuracy,dev,0.2347417840375587,Cause-Effect,delta_P,conceptnet
697,accuracy,test,0.2781954887218045,Cause-Effect,delta_P,conceptnet
698,accuracy,dev,0.24882629107981222,Cause-Effect,delta_P,conceptnet
699,accuracy,test,0.24060150375939848,Cause-Effect,delta_P,conceptnet
700,accuracy,dev,0.3051643192488263,Cause-Effect,P(E|no C),conceptnet
701,accuracy,test,0.2846441947565543,Cause-Effect,P(E|no C),conceptnet
702,accuracy,dev,0.3427230046948357,Cause-Effect,P(E|no C),conceptnet
703,accuracy,test,0.2669172932330827,Cause-Effect,P(E|no C),conceptnet
704,accuracy,dev,0.3004694835680751,Cause-Effect,P(E|no C),conceptnet
705,accuracy,test,0.31954887218045114,Cause-Effect,P(E|no C),conceptnet
706,accuracy,dev,0.3051643192488263,Cause-Effect,P(E|no C),conceptnet
707,accuracy,test,0.2781954887218045,Cause-Effect,P(E|no C),conceptnet
708,accuracy,dev,0.2676056338028169,Cause-Effect,P(E|no C),conceptnet
709,accuracy,test,0.31954887218045114,Cause-Effect,P(E|no C),conceptnet
710,accuracy,dev,0.24882629107981222,Cause-Effect,q,conceptnet
711,accuracy,test,0.24719101123595505,Cause-Effect,q,conceptnet
712,accuracy,dev,0.25821596244131456,Cause-Effect,q,conceptnet
713,accuracy,test,0.2593984962406015,Cause-Effect,q,conceptnet
714,accuracy,dev,0.3192488262910798,Cause-Effect,q,conceptnet
715,accuracy,test,0.24812030075187969,Cause-Effect,q,conceptnet
716,accuracy,dev,0.23943661971830985,Cause-Effect,q,conceptnet
717,accuracy,test,0.2593984962406015,Cause-Effect,q,conceptnet
718,accuracy,dev,0.2535211267605634,Cause-Effect,q,conceptnet
719,accuracy,test,0.22180451127819548,Cause-Effect,q,conceptnet
720,accuracy,dev,0.3380281690140845,Cause-Effect,p,conceptnet
721,accuracy,test,0.2546816479400749,Cause-Effect,p,conceptnet
722,accuracy,dev,0.2535211267605634,Cause-Effect,p,conceptnet
723,accuracy,test,0.24812030075187969,Cause-Effect,p,conceptnet
724,accuracy,dev,0.27699530516431925,Cause-Effect,p,conceptnet
725,accuracy,test,0.2781954887218045,Cause-Effect,p,conceptnet
726,accuracy,dev,0.27699530516431925,Cause-Effect,p,conceptnet
727,accuracy,test,0.2631578947368421,Cause-Effect,p,conceptnet
728,accuracy,dev,0.27230046948356806,Cause-Effect,p,conceptnet
729,accuracy,test,0.2556390977443609,Cause-Effect,p,conceptnet
730,accuracy,dev,0.27230046948356806,Cause-Effect,causal_power,conceptnet
731,accuracy,test,0.26217228464419473,Cause-Effect,causal_power,conceptnet
732,accuracy,dev,0.3286384976525822,Cause-Effect,causal_power,conceptnet
733,accuracy,test,0.2631578947368421,Cause-Effect,causal_power,conceptnet
734,accuracy,dev,0.2676056338028169,Cause-Effect,causal_power,conceptnet
735,accuracy,test,0.2706766917293233,Cause-Effect,causal_power,conceptnet
736,accuracy,dev,0.2676056338028169,Cause-Effect,causal_power,conceptnet
737,accuracy,test,0.2706766917293233,Cause-Effect,causal_power,conceptnet
738,accuracy,dev,0.3051643192488263,Cause-Effect,causal_power,conceptnet
739,accuracy,test,0.3233082706766917,Cause-Effect,causal_power,conceptnet
740,accuracy,dev,0.28169014084507044,Cause-Effect,PMI,conceptnet
741,accuracy,test,0.2546816479400749,Cause-Effect,PMI,conceptnet
742,accuracy,dev,0.29107981220657275,Cause-Effect,PMI,conceptnet
743,accuracy,test,0.24436090225563908,Cause-Effect,PMI,conceptnet
744,accuracy,dev,0.23943661971830985,Cause-Effect,PMI,conceptnet
745,accuracy,test,0.24436090225563908,Cause-Effect,PMI,conceptnet
746,accuracy,dev,0.28169014084507044,Cause-Effect,PMI,conceptnet
747,accuracy,test,0.2894736842105263,Cause-Effect,PMI,conceptnet
748,accuracy,dev,0.24413145539906103,Cause-Effect,PMI,conceptnet
749,accuracy,test,0.22932330827067668,Cause-Effect,PMI,conceptnet
750,accuracy,dev,0.28169014084507044,Cause-Effect,PPMI,conceptnet
751,accuracy,test,0.2546816479400749,Cause-Effect,PPMI,conceptnet
752,accuracy,dev,0.29107981220657275,Cause-Effect,PPMI,conceptnet
753,accuracy,test,0.24436090225563908,Cause-Effect,PPMI,conceptnet
754,accuracy,dev,0.23943661971830985,Cause-Effect,PPMI,conceptnet
755,accuracy,test,0.24436090225563908,Cause-Effect,PPMI,conceptnet
756,accuracy,dev,0.28169014084507044,Cause-Effect,PPMI,conceptnet
757,accuracy,test,0.2894736842105263,Cause-Effect,PPMI,conceptnet
758,accuracy,dev,0.24413145539906103,Cause-Effect,PPMI,conceptnet
759,accuracy,test,0.22932330827067668,Cause-Effect,PPMI,conceptnet
760,accuracy,dev,0.28169014084507044,Cause-Effect,CPMI_-2,conceptnet
761,accuracy,test,0.2546816479400749,Cause-Effect,CPMI_-2,conceptnet
762,accuracy,dev,0.29107981220657275,Cause-Effect,CPMI_-2,conceptnet
763,accuracy,test,0.24436090225563908,Cause-Effect,CPMI_-2,conceptnet
764,accuracy,dev,0.23943661971830985,Cause-Effect,CPMI_-2,conceptnet
765,accuracy,test,0.24436090225563908,Cause-Effect,CPMI_-2,conceptnet
766,accuracy,dev,0.28169014084507044,Cause-Effect,CPMI_-2,conceptnet
767,accuracy,test,0.2894736842105263,Cause-Effect,CPMI_-2,conceptnet
768,accuracy,dev,0.24413145539906103,Cause-Effect,CPMI_-2,conceptnet
769,accuracy,test,0.22932330827067668,Cause-Effect,CPMI_-2,conceptnet
770,accuracy,dev,0.3004694835680751,Cause-Effect,NPMI,conceptnet
771,accuracy,test,0.3146067415730337,Cause-Effect,NPMI,conceptnet
772,accuracy,dev,0.323943661971831,Cause-Effect,NPMI,conceptnet
773,accuracy,test,0.3082706766917293,Cause-Effect,NPMI,conceptnet
774,accuracy,dev,0.24882629107981222,Cause-Effect,NPMI,conceptnet
775,accuracy,test,0.2932330827067669,Cause-Effect,NPMI,conceptnet
776,accuracy,dev,0.2535211267605634,Cause-Effect,NPMI,conceptnet
777,accuracy,test,0.24812030075187969,Cause-Effect,NPMI,conceptnet
778,accuracy,dev,0.3004694835680751,Cause-Effect,NPMI,conceptnet
779,accuracy,test,0.2669172932330827,Cause-Effect,NPMI,conceptnet
780,accuracy,dev,0.28169014084507044,Cause-Effect,NNEGPMI,conceptnet
781,accuracy,test,0.2546816479400749,Cause-Effect,NNEGPMI,conceptnet
782,accuracy,dev,0.29107981220657275,Cause-Effect,NNEGPMI,conceptnet
783,accuracy,test,0.24436090225563908,Cause-Effect,NNEGPMI,conceptnet
784,accuracy,dev,0.23943661971830985,Cause-Effect,NNEGPMI,conceptnet
785,accuracy,test,0.24436090225563908,Cause-Effect,NNEGPMI,conceptnet
786,accuracy,dev,0.28169014084507044,Cause-Effect,NNEGPMI,conceptnet
787,accuracy,test,0.2894736842105263,Cause-Effect,NNEGPMI,conceptnet
788,accuracy,dev,0.24413145539906103,Cause-Effect,NNEGPMI,conceptnet
789,accuracy,test,0.22932330827067668,Cause-Effect,NNEGPMI,conceptnet
790,accuracy,dev,0.3192488262910798,Cause-Effect,P(C|E),conceptnet
791,accuracy,test,0.30711610486891383,Cause-Effect,P(C|E),conceptnet
792,accuracy,dev,0.27230046948356806,Cause-Effect,P(C|E),conceptnet
793,accuracy,test,0.2593984962406015,Cause-Effect,P(C|E),conceptnet
794,accuracy,dev,0.3145539906103286,Cause-Effect,P(C|E),conceptnet
795,accuracy,test,0.2706766917293233,Cause-Effect,P(C|E),conceptnet
796,accuracy,dev,0.27699530516431925,Cause-Effect,P(C|E),conceptnet
797,accuracy,test,0.2894736842105263,Cause-Effect,P(C|E),conceptnet
798,accuracy,dev,0.2535211267605634,Cause-Effect,P(C|E),conceptnet
799,accuracy,test,0.2744360902255639,Cause-Effect,P(C|E),conceptnet
800,accuracy,dev,0.323943661971831,Cause-Effect,causal_stength_nec,conceptnet
801,accuracy,test,0.27340823970037453,Cause-Effect,causal_stength_nec,conceptnet
802,accuracy,dev,0.24413145539906103,Cause-Effect,causal_stength_nec,conceptnet
803,accuracy,test,0.2593984962406015,Cause-Effect,causal_stength_nec,conceptnet
804,accuracy,dev,0.27699530516431925,Cause-Effect,causal_stength_nec,conceptnet
805,accuracy,test,0.2744360902255639,Cause-Effect,causal_stength_nec,conceptnet
806,accuracy,dev,0.28169014084507044,Cause-Effect,causal_stength_nec,conceptnet
807,accuracy,test,0.2669172932330827,Cause-Effect,causal_stength_nec,conceptnet
808,accuracy,dev,0.24882629107981222,Cause-Effect,causal_stength_nec,conceptnet
809,accuracy,test,0.2819548872180451,Cause-Effect,causal_stength_nec,conceptnet
810,accuracy,dev,0.3004694835680751,Cause-Effect,causal_stength_suf,conceptnet
811,accuracy,test,0.2883895131086142,Cause-Effect,causal_stength_suf,conceptnet
812,accuracy,dev,0.3286384976525822,Cause-Effect,causal_stength_suf,conceptnet
813,accuracy,test,0.31203007518796994,Cause-Effect,causal_stength_suf,conceptnet
814,accuracy,dev,0.29107981220657275,Cause-Effect,causal_stength_suf,conceptnet
815,accuracy,test,0.2744360902255639,Cause-Effect,causal_stength_suf,conceptnet
816,accuracy,dev,0.23943661971830985,Cause-Effect,causal_stength_suf,conceptnet
817,accuracy,test,0.2932330827067669,Cause-Effect,causal_stength_suf,conceptnet
818,accuracy,dev,0.29577464788732394,Cause-Effect,causal_stength_suf,conceptnet
819,accuracy,test,0.2857142857142857,Cause-Effect,causal_stength_suf,conceptnet
820,accuracy,dev,0.28169014084507044,Cause-Effect,causal_stength_0.5,conceptnet
821,accuracy,test,0.26591760299625467,Cause-Effect,causal_stength_0.5,conceptnet
822,accuracy,dev,0.29107981220657275,Cause-Effect,causal_stength_0.5,conceptnet
823,accuracy,test,0.24436090225563908,Cause-Effect,causal_stength_0.5,conceptnet
824,accuracy,dev,0.29577464788732394,Cause-Effect,causal_stength_0.5,conceptnet
825,accuracy,test,0.2669172932330827,Cause-Effect,causal_stength_0.5,conceptnet
826,accuracy,dev,0.2347417840375587,Cause-Effect,causal_stength_0.5,conceptnet
827,accuracy,test,0.3157894736842105,Cause-Effect,causal_stength_0.5,conceptnet
828,accuracy,dev,0.3051643192488263,Cause-Effect,causal_stength_0.5,conceptnet
829,accuracy,test,0.2556390977443609,Cause-Effect,causal_stength_0.5,conceptnet
830,accuracy,dev,0.2863849765258216,Cause-Effect,causal_stength_0.7,conceptnet
831,accuracy,test,0.2808988764044944,Cause-Effect,causal_stength_0.7,conceptnet
832,accuracy,dev,0.29577464788732394,Cause-Effect,causal_stength_0.7,conceptnet
833,accuracy,test,0.3233082706766917,Cause-Effect,causal_stength_0.7,conceptnet
834,accuracy,dev,0.323943661971831,Cause-Effect,causal_stength_0.7,conceptnet
835,accuracy,test,0.22180451127819548,Cause-Effect,causal_stength_0.7,conceptnet
836,accuracy,dev,0.24882629107981222,Cause-Effect,causal_stength_0.7,conceptnet
837,accuracy,test,0.30451127819548873,Cause-Effect,causal_stength_0.7,conceptnet
838,accuracy,dev,0.3051643192488263,Cause-Effect,causal_stength_0.7,conceptnet
839,accuracy,test,0.22180451127819548,Cause-Effect,causal_stength_0.7,conceptnet
840,accuracy,dev,0.23943661971830985,Cause-Effect,causal_stength_0.9,conceptnet
841,accuracy,test,0.30711610486891383,Cause-Effect,causal_stength_0.9,conceptnet
842,accuracy,dev,0.28169014084507044,Cause-Effect,causal_stength_0.9,conceptnet
843,accuracy,test,0.24436090225563908,Cause-Effect,causal_stength_0.9,conceptnet
844,accuracy,dev,0.2535211267605634,Cause-Effect,causal_stength_0.9,conceptnet
845,accuracy,test,0.2706766917293233,Cause-Effect,causal_stength_0.9,conceptnet
846,accuracy,dev,0.25821596244131456,Cause-Effect,causal_stength_0.9,conceptnet
847,accuracy,test,0.2819548872180451,Cause-Effect,causal_stength_0.9,conceptnet
848,accuracy,dev,0.24882629107981222,Cause-Effect,causal_stength_0.9,conceptnet
849,accuracy,test,0.30451127819548873,Cause-Effect,causal_stength_0.9,conceptnet
850,accuracy,dev,0.323943661971831,Cause-Effect,causal_stength_1.0,conceptnet
851,accuracy,test,0.27340823970037453,Cause-Effect,causal_stength_1.0,conceptnet
852,accuracy,dev,0.24413145539906103,Cause-Effect,causal_stength_1.0,conceptnet
853,accuracy,test,0.2593984962406015,Cause-Effect,causal_stength_1.0,conceptnet
854,accuracy,dev,0.27699530516431925,Cause-Effect,causal_stength_1.0,conceptnet
855,accuracy,test,0.2744360902255639,Cause-Effect,causal_stength_1.0,conceptnet
856,accuracy,dev,0.28169014084507044,Cause-Effect,causal_stength_1.0,conceptnet
857,accuracy,test,0.2669172932330827,Cause-Effect,causal_stength_1.0,conceptnet
858,accuracy,dev,0.24882629107981222,Cause-Effect,causal_stength_1.0,conceptnet
859,accuracy,test,0.2819548872180451,Cause-Effect,causal_stength_1.0,conceptnet
860,accuracy,dev,0.4272300469483568,Cause-Effect,avg_freq_uni,conceptnet
861,accuracy,test,0.4044943820224719,Cause-Effect,avg_freq_uni,conceptnet
862,accuracy,dev,0.39436619718309857,Cause-Effect,avg_freq_uni,conceptnet
863,accuracy,test,0.42105263157894735,Cause-Effect,avg_freq_uni,conceptnet
864,accuracy,dev,0.3568075117370892,Cause-Effect,avg_freq_uni,conceptnet
865,accuracy,test,0.4398496240601504,Cause-Effect,avg_freq_uni,conceptnet
866,accuracy,dev,0.4835680751173709,Cause-Effect,avg_freq_uni,conceptnet
867,accuracy,test,0.42105263157894735,Cause-Effect,avg_freq_uni,conceptnet
868,accuracy,dev,0.40375586854460094,Cause-Effect,avg_freq_uni,conceptnet
869,accuracy,test,0.3684210526315789,Cause-Effect,avg_freq_uni,conceptnet
870,accuracy,dev,0.431924882629108,Cause-Effect,avg_freq_bi,conceptnet
871,accuracy,test,0.3970037453183521,Cause-Effect,avg_freq_bi,conceptnet
872,accuracy,dev,0.4835680751173709,Cause-Effect,avg_freq_bi,conceptnet
873,accuracy,test,0.40225563909774437,Cause-Effect,avg_freq_bi,conceptnet
874,accuracy,dev,0.43661971830985913,Cause-Effect,avg_freq_bi,conceptnet
875,accuracy,test,0.4699248120300752,Cause-Effect,avg_freq_bi,conceptnet
876,accuracy,dev,0.38028169014084506,Cause-Effect,avg_freq_bi,conceptnet
877,accuracy,test,0.42857142857142855,Cause-Effect,avg_freq_bi,conceptnet
878,accuracy,dev,0.41784037558685444,Cause-Effect,avg_freq_bi,conceptnet
879,accuracy,test,0.38345864661654133,Cause-Effect,avg_freq_bi,conceptnet
